"","X","SITE_ID","LOCATION_LAT","LOCATION_LONG","avg_WS","avg_ustar","HEIGHTC","SENSOR_HEIGHT","ZM_F","ZM_QC"
"1",1,"AR-CCa",-35.621,-61.3181,NA,NA,NA,3.8,2.6609624017112,0
"2",2,"AR-CCg",-35.9244,-61.1855,NA,NA,NA,4.55,3.11808540270801,0
"3",3,"AR-TF1",-54.9733,-66.7335,4.30466666666667,0.3060185465,NA,2.33,1.76500131975743,0
"4",4,"AR-TF2",-54.8269,-68.4549,NA,NA,NA,2.32,1.75890634641081,0
"5",5,"BR-Cax",-1.7185,-51.4583,NA,NA,NA,NA,NA,0
"6",6,"BR-CST",-7.9682,-38.3842,1.43,0.46811242,NA,10,6.43984587661822,0
"7",7,"BR-Ji1",-10.7618,-62.3572,NA,NA,NA,NA,NA,0
"8",8,"BR-Ji3",-10.1866,-61.8725,NA,NA,NA,NA,NA,0
"9",9,"BR-Ma2",-2.6091,-60.2093,NA,NA,35,NA,NA,0
"10",10,"BR-Ma3",-2.3907,-59.8835,NA,NA,NA,NA,NA,0
"11",11,"BR-Moj",-1.9787,-48.6147,NA,NA,NA,NA,NA,0
"12",12,"BR-Npw",-16.498,-56.412,1.6544,0.231342682,NA,20,12.5348192232425,0
"13",13,"BR-Sa1",-2.8567,-54.9589,1.9697,0.301403988428571,25.155,57.9,41.13,1
"14",14,"BR-Sa3",-3.018,-54.9714,2.0698,0.294764287,25,64,47.3333333333333,1
"15",15,"BR-SGC",0.2101,-66.7529,NA,NA,NA,NA,NA,0
"16",16,"CA-AF1",46.0092,-66.3627,NA,NA,NA,NA,NA,0
"17",17,"CA-ARB",52.695,-83.9452,4.5778,0.3384661558,NA,7.3,4.79420307302968,0
"18",18,"CA-ARF",52.7008,-83.955,3.8702,0.398569971,NA,7.2,4.73325333956344,0
"19",19,"CA-BOU",50.5244,-63.2064,NA,NA,NA,2.2,1.68576666625132,0
"20",20,"CA-Ca1",49.8673,-125.3336,1.76493333333333,0.302283551153846,32.5,43,21.3333333333333,1
"21",21,"CA-Ca2",49.8705,-125.2909,0.731583333333333,0.1340429894,1,2.5,1.83333333333333,1
"22",22,"CA-Ca3",49.5346,-124.9004,NA,NA,7.57,18,12.9533333333333,1
"23",23,"CA-Cbo",44.3167,-79.9333,2.37614814814815,0.503382761791667,NA,44,27.1627552551406,0
"24",24,"CA-CF1",58.6658,-93.83,4.423,NA,NA,4,2.78286186864368,0
"25",25,"CA-CF2",58.6658,-93.83,NA,NA,NA,4,2.78286186864368,0
"26",26,"CA-CF3",58.6658,-93.8304,NA,NA,NA,NA,NA,0
"27",27,"CA-Cha",45.8847,-67.3569,NA,NA,NA,21,13.1443165579049,0
"28",28,"CA-DB2",49.119,-122.9951,1.393,0.195397955,NA,5,3.39235920330611,0
"29",29,"CA-DBB",49.1293,-122.9849,1.57642857142857,0.1645135312,NA,1.8,1.44196773238635,0
"30",30,"CA-DL1",64.8689,-111.5748,NA,NA,NA,NA,NA,0
"31",31,"CA-DL2",64.8648,-111.5677,NA,NA,NA,NA,NA,0
"32",32,"CA-DSM",49.0887,-122.8954,NA,NA,NA,3.5,2.47811320131247,0
"33",33,"CA-EM1",50.3623,-100.2024,NA,NA,NA,NA,NA,0
"34",34,"CA-EM2",50.3706,-100.5339,NA,NA,NA,NA,NA,0
"35",35,"CA-EM3",50.1738,-97.1231,NA,NA,NA,NA,NA,0
"36",36,"CA-ER1",43.6405,-80.4123,2.73116666666667,0.231694384333333,NA,5,3.39235920330611,0
"37",37,"CA-ER2",43.6419,-80.414,NA,NA,NA,NA,NA,0
"38",38,"CA-Gro",48.2167,-82.1556,3.41575,0.4378422015,31,43,22.3333333333333,1
"39",39,"CA-HPC",68.3203,-133.5188,NA,NA,NA,15,9.48733254993034,0
"40",40,"CA-KLP",51.5902,-81.7684,NA,NA,NA,NA,NA,0
"41",41,"CA-LP1",55.1119,-122.8414,2.31071428571429,0.366771074,NA,26,16.191803231217,0
"42",42,"CA-MA1",50.1645,-97.8762,3.28333333333333,0.240738301,NA,3,2.17336453398126,0
"43",43,"CA-MA2",50.171,-97.8762,3.22633333333333,0.236574836,NA,3,2.17336453398126,0
"44",44,"CA-MA3",50.1774,-97.8686,3.10633333333333,NA,NA,3,2.17336453398126,0
"45",45,"CA-Man",55.8796,-98.4808,3.42646666666667,0.4119008035,9.1,29,22.9333333333333,1
"46",46,"CA-Mer",45.4094,-75.5186,NA,NA,0.25,NA,NA,0
"47",47,"CA-Na1",46.4722,-67.1,NA,NA,NA,21,13.1443165579049,0
"48",48,"CA-NS1",55.8792,-98.4839,2.4522,0.456192709,16,24,13.3333333333333,1
"49",49,"CA-NS2",55.9058,-98.5247,2.8274,0.426814131666667,16,20,9.33333333333333,1
"50",50,"CA-NS3",55.9117,-98.3822,2.1842,0.3932241125,4,10,7.33333333333333,1
"51",51,"CA-NS4",55.9144,-98.3806,1.403,0.294809643,2,10,8.66666666666667,1
"52",52,"CA-NS5",55.8631,-98.485,1.791,0.350494608,5,9,5.66666666666667,1
"53",53,"CA-NS6",55.9167,-98.9644,2.4042,0.36744074525,2,6,4.66666666666667,1
"54",54,"CA-NS7",56.6358,-99.9483,1.3834,0.340122816,1,6,5.33333333333333,1
"55",55,"CA-Oas",53.6289,-106.1978,3.03353333333333,0.472977669066667,21,38,24,1
"56",56,"CA-Obs",53.9872,-105.1178,3.16092857142857,0.402119478916667,11,26,18.6666666666667,1
"57",57,"CA-Qc2",49.7598,-74.5711,NA,NA,NA,15,9.48733254993034,0
"58",58,"CA-Qfo",49.6925,-74.3421,2.575375,0.448182373571429,13.8,24,14.8,1
"59",59,"CA-RBM",49.1313,-123.1964,NA,NA,NA,NA,NA,0
"60",60,"CA-SCB",61.3089,-121.2984,NA,NA,NA,2.8,2.05146506704877,0
"61",61,"CA-SCC",61.3079,-121.2992,NA,NA,NA,16.2,10.2187293515252,0
"62",62,"CA-SF1",54.485,-105.8176,2.39025,0.389454314,6,12.1,8.1,1
"63",63,"CA-SF2",54.2539,-105.8775,1.92833333333333,0.3530393295,4,9.144,6.47733333333333,1
"64",64,"CA-SF3",54.0916,-106.0053,2.40333333333333,0.4175208438,18,18.288,6.288,1
"65",65,"CA-SJ1",53.908,-104.656,NA,NA,1.7,10,8.86666666666667,1
"66",66,"CA-SJ2",53.945,-104.649,NA,NA,0.19,5,4.87333333333333,1
"67",67,"CA-SMC",63.1534,-123.2522,NA,NA,NA,15.5,9.79208121726155,0
"68",68,"CA-TP1",42.6609,-80.5595,1.860625,0.311108685444444,6.5,13.6,9.26666666666667,1
"69",69,"CA-TP2",42.7744,-80.4588,1.26833333333333,NA,11.5,12,4.33333333333333,1
"70",70,"CA-TP3",42.7068,-80.3483,2.0308125,0.4674611787,16.2,20.5,9.7,1
"71",71,"CA-TP4",42.7102,-80.3574,2.37861538461538,0.516257103333333,23.4,34.3,18.7,1
"72",72,"CA-TPD",42.6353,-80.5577,3.21266666666667,0.525513702666667,25.7,36.6,19.4666666666667,1
"73",73,"CA-TVC",68.7462,-133.5017,NA,NA,NA,NA,NA,0
"74",74,"CL-ACF",-40.1726,-73.4439,NA,NA,NA,NA,NA,0
"75",75,"CL-SDF",-41.883,-73.676,NA,NA,NA,42,25.9437605858158,0
"76",76,"CL-SDP",-41.879,-73.666,NA,NA,NA,NA,NA,0
"77",77,"CR-SoC",10.3827,-84.621,NA,NA,NA,NA,NA,0
"78",78,"MX-Aog",26.9968,-108.7892,NA,NA,NA,NA,NA,0
"79",79,"MX-PMm",20.8462,-86.8992,NA,NA,NA,8.5,5.52559987462459,0
"80",80,"MX-Tes",27.84,-109.3,0.872666666666667,0.366991882,NA,13,8.2683378806055,0
"81",81,"PA-Bar",9.1568,-79.8486,NA,NA,NA,NA,NA,0
"82",82,"PA-Bas",9.1565,-79.8482,NA,NA,NA,NA,NA,0
"83",83,"PE-AMG",-12.5598,-70.1018,NA,NA,NA,NA,NA,0
"84",84,"PE-BRE",-7.1026,-77.1619,NA,NA,NA,NA,NA,0
"85",85,"PE-PAN",-9.6237,-74.9315,NA,NA,NA,NA,NA,0
"86",86,"PE-QFR",-3.8344,-73.319,1.2075,0.187598237,NA,40,24.7247659164909,0
"87",87,"PR-xGU",17.9696,-66.8687,NA,NA,NA,23.27,14.5278755075886,0
"88",88,"PR-xLA",18.0212,-67.0769,NA,NA,NA,8.5,5.52559987462459,0
"89",89,"US-A03",70.4953,-149.8823,NA,NA,NA,NA,NA,0
"90",90,"US-A10",71.3242,-156.6149,NA,NA,NA,NA,NA,0
"91",91,"US-A32",36.8193,-97.8198,3.63066666666667,0.33529129,NA,3.77,2.64267748167132,0
"92",92,"US-A39",36.3776,-96.069,NA,NA,NA,NA,NA,0
"93",93,"US-A74",36.8085,-97.5489,3.7835,0.322426135,NA,3.77,2.64267748167132,0
"94",94,"US-AaG",33.1105,-91.6282,NA,NA,NA,NA,NA,0
"95",95,"US-Act",39.582,-84.755,NA,NA,NA,NA,NA,0
"96",96,"US-AF1",34.3108,-118.9244,NA,NA,NA,NA,NA,0
"97",97,"US-Akn",33.3825,-81.5653,NA,NA,NA,25,15.5823058965546,0
"98",98,"US-ALQ",46.0308,-89.6067,0.873857142857143,0.17825490575,NA,2.4,1.8076661331838,0
"99",99,"US-AMS",41.7018,-87.9963,NA,NA,NA,NA,NA,0
"100",100,"US-An1",68.99,-150.28,NA,NA,NA,3,2.17336453398126,0
"101",101,"US-An2",68.95,-150.21,NA,NA,NA,3,2.17336453398126,0
"102",102,"US-An3",68.93,-150.27,NA,NA,NA,3,2.17336453398126,0
"103",103,"US-AoL",43.2513,-85.7648,NA,NA,NA,NA,NA,0
"104",104,"US-AR1",36.4267,-99.42,3.69,0.33071548425,0.5,2.84,2.50666666666667,1
"105",105,"US-AR2",36.6358,-99.5975,4.2345,0.324029497,0.5,2.95,2.61666666666667,1
"106",106,"US-ARb",35.5497,-98.0402,3.7425,0.4287143575,0.1,4,3.93333333333333,1
"107",107,"US-ARc",35.5465,-98.04,4.055,0.415259957,0.4,4.05,3.78333333333333,1
"108",108,"US-ARM",36.6058,-97.4888,4.18833333333333,0.306123576722222,0.4,60,59.7333333333333,1
"109",109,"US-ASH",36.1697,-120.201,NA,NA,NA,8.01,5.22694618064,0
"110",110,"US-ASL",36.9466,-120.1024,NA,NA,NA,9.41,6.08024244916739,0
"111",111,"US-ASM",36.1777,-120.2026,NA,NA,NA,8,5.22085120729338,0
"112",112,"US-Bar",44.0646,-71.2881,1.47766666666667,0.395184966944444,19,24.5,11.8333333333333,1
"113",113,"US-BCM",27.6953,-80.7114,NA,NA,NA,NA,NA,0
"114",114,"US-Bd4",35.8139,-89.9862,NA,NA,NA,NA,NA,0
"115",115,"US-Bd5",35.8105,-90.0194,NA,NA,NA,NA,NA,0
"116",116,"US-Bd6",35.814,-90.0194,NA,NA,NA,NA,NA,0
"117",117,"US-BdA",35.8089,-90.0327,NA,NA,NA,NA,NA,0
"118",118,"US-BdC",35.8089,-90.0284,NA,NA,NA,NA,NA,0
"119",119,"US-BgC",39.8125,-121.8135,NA,NA,NA,NA,NA,0
"120",120,"US-Bi1",38.0992,-121.4993,2.57833333333333,0.2190937138,0.565,3.9,3.52333333333333,1
"121",121,"US-Bi2",38.1091,-121.5351,2.7732,0.2614706694,2.228,5.11,3.62466666666667,1
"122",122,"US-Blo",38.8953,-120.6328,1.61127272727273,0.273849546666667,2.59,15,13.2733333333333,1
"123",123,"US-BMM",45.783,-110.7776,NA,NA,NA,NA,NA,0
"124",124,"US-Bo1",40.0062,-88.2904,NA,NA,3,10,8,1
"125",125,"US-Bo2",40.009,-88.29,NA,NA,NA,10,6.43984587661822,0
"126",126,"US-BRG",39.2167,-86.5406,1.0196,0.188123208,NA,3,2.17336453398126,0
"127",127,"US-Bsg",43.4712,-119.6909,NA,NA,NA,NA,NA,0
"128",128,"US-BWa",39.1389,-77.2175,NA,NA,NA,NA,NA,0
"129",129,"US-BWb",39.1955,-77.4509,NA,NA,NA,NA,NA,0
"130",130,"US-BZB",64.6955,-148.3208,1.12781818181818,0.1711626385,NA,3,2.17336453398126,0
"131",131,"US-BZF",64.7013,-148.3121,1.47772727272727,0.150043249111111,NA,2,1.56386719931883,0
"132",132,"US-BZL",64.9194,-147.8222,NA,NA,NA,NA,NA,0
"133",133,"US-BZo",64.6936,-148.33,0.85775,0.14023328,NA,2.2,1.68576666625132,0
"134",134,"US-BZS",64.6963,-148.3235,1.17458333333333,0.204321475777778,NA,5,3.39235920330611,0
"135",135,"US-CC1",44.0732,-89.6787,NA,NA,NA,NA,NA,0
"136",136,"US-CC2",44.1039,-89.6196,NA,NA,NA,NA,NA,0
"137",137,"US-CdM",37.5241,-109.7471,NA,NA,NA,NA,NA,0
"138",138,"US-Ced",39.8379,-74.3791,NA,NA,NA,14.5,9.18258388259913,0
"139",139,"US-CF1",46.7815,-117.0821,3.0425,0.28580721025,NA,2.1,1.62481693278508,0
"140",140,"US-CF2",46.784,-117.0908,2.63,0.25817293725,NA,2.1,1.62481693278508,0
"141",141,"US-CF3",46.7551,-117.1261,2.811,0.257169057,NA,2.1,1.62481693278508,0
"142",142,"US-CF4",46.7518,-117.1285,2.4584,0.2462864212,NA,2.1,1.62481693278508,0
"143",143,"US-CGG",37.938,-121.9761,NA,NA,NA,3.67,2.58172774820508,0
"144",144,"US-CLF",40.6366,-77.9424,NA,NA,NA,3.5,2.47811320131247,0
"145",145,"US-Cms",71.3202,-156.6223,NA,NA,NA,NA,NA,0
"146",146,"US-CMW",31.6637,-110.1777,NA,NA,NA,14,8.87783521526792,0
"147",147,"US-Cop",38.09,-109.39,2.11428571428571,0.222284206,0.5,3,2.66666666666667,1
"148",148,"US-CPk",41.068,-106.1187,NA,NA,NA,17.7,11.1329753535189,0
"149",149,"US-CRK",31.4629,-95.3415,NA,NA,NA,44,27.1627552551406,0
"150",150,"US-CRT",41.6285,-83.3471,3.02333333333333,0.267556680666667,0.3,2,1.8,1
"151",151,"US-CS1",44.1031,-89.5379,2.9885,NA,NA,2.5,1.86861586665005,0
"152",152,"US-CS2",44.1467,-89.5002,2.5005,0.5013592245,NA,31,19.2392899045291,0
"153",153,"US-CS3",44.1394,-89.5727,2.9325,0.216800319,NA,2.5,1.86861586665005,0
"154",154,"US-CS4",44.1597,-89.5475,2.8835,0.231798796,NA,2.5,1.86861586665005,0
"155",155,"US-CS5",44.1095,-89.5377,NA,NA,NA,3,2.17336453398126,0
"156",156,"US-CS6",44.4297,-89.544,NA,NA,NA,3,2.17336453398126,0
"157",157,"US-CS7",44.4375,-89.5443,NA,NA,NA,NA,NA,0
"158",158,"US-CS8",44.4338,-89.5364,NA,NA,NA,3,2.17336453398126,0
"159",159,"US-Cst",33.0442,-91.9204,NA,NA,NA,NA,NA,0
"160",160,"US-CwG",34.9682,-83.3951,NA,NA,NA,NA,NA,0
"161",161,"US-Cwt",35.0592,-83.4275,NA,NA,NA,NA,NA,0
"162",162,"US-DBk",37.8736,-122.2684,NA,NA,NA,NA,NA,0
"163",163,"US-DCS",25.7626,-80.9078,NA,NA,NA,NA,NA,0
"164",164,"US-DFC",43.3448,-89.7117,3.43875,0.351091661,NA,30,18.6297925698667,0
"165",165,"US-DFK",43.3453,-89.7154,NA,NA,NA,3.21,2.30135897426037,0
"166",166,"US-Dia",37.6773,-121.5296,NA,NA,NA,NA,NA,0
"167",167,"US-Dix",39.9712,-74.4346,NA,NA,NA,15,9.48733254993034,0
"168",168,"US-Dk1",35.9712,-79.0934,NA,NA,0.55,2.8,2.43333333333333,1
"169",169,"US-Dk2",35.9736,-79.1004,NA,NA,25,39.8,23.1333333333333,1
"170",170,"US-Dk3",35.9782,-79.0942,NA,NA,19,20.2,7.53333333333333,1
"171",171,"US-Dmg",38.0015,-121.6691,NA,NA,NA,5.62,3.77024755079681,0
"172",172,"US-DPP",28.1046,-81.419,NA,NA,NA,NA,NA,0
"173",173,"US-DPW",28.0521,-81.4361,NA,NA,NA,2,1.56386719931883,0
"174",174,"US-DS3",38.1235,-121.549,2.342,NA,NA,2.76,2.02708517366228,0
"175",175,"US-EA4",29.6633,-98.3816,NA,NA,NA,11.9,7.59789081247683,0
"176",176,"US-EA5",29.3584,-99.9576,NA,NA,NA,7.3,4.79420307302968,0
"177",177,"US-EA6",29.6561,-99.9588,NA,NA,NA,9.05,5.86082340868892,0
"178",178,"US-EDN",37.6156,-122.114,3.1325,0.2350458705,NA,4.34,2.99009096242891,0
"179",179,"US-EKH",36.8094,-121.7523,NA,NA,NA,NA,NA,0
"180",180,"US-EKN",36.8357,-121.7328,NA,NA,NA,NA,NA,0
"181",181,"US-EKP",36.8558,-121.7488,NA,NA,NA,NA,NA,0
"182",182,"US-EKY",36.8105,-121.7487,NA,NA,NA,NA,NA,0
"183",183,"US-Elm",25.5519,-80.7826,NA,NA,NA,3.3,2.35621373437998,0
"184",184,"US-EML",63.8784,-149.2536,2.59692307692308,0.1943827602,NA,3.94,2.74629202856394,0
"185",185,"US-EPM",30.8167,-99.8619,NA,NA,NA,NA,NA,0
"186",186,"US-Esm",25.4379,-80.5946,NA,NA,NA,3.3,2.35621373437998,0
"187",187,"US-EvM",25.3539,-80.381,NA,NA,NA,NA,NA,0
"188",188,"US-FBE",25.0266,-80.6814,NA,NA,NA,NA,NA,0
"189",189,"US-Fcr",65.3968,-148.9348,1.05775,0.180820172333333,NA,1.85,1.47244259911947,0
"190",190,"US-Fmf",35.1426,-111.7273,2.16983333333333,0.4671420636,18,23,11,1
"191",191,"US-Fuf",35.089,-111.762,2.4645,0.4575909916,18,23,11,1
"192",192,"US-Fwf",35.4454,-111.7718,NA,NA,0.3,2,1.8,1
"193",193,"US-GBT",41.3658,-106.2397,6.278125,0.915649572,14.9,30.2,20.2666666666667,1
"194",194,"US-GL1",47.1835,-87.2251,NA,NA,NA,39.2,24.237168048761,0
"195",195,"US-GL2",46.7167,-87.4,NA,NA,NA,NA,NA,0
"196",196,"US-GLE",41.3665,-106.2399,4.34805882352941,0.9680988489375,8.6,30.2,24.4666666666667,1
"197",197,"US-Ha1",42.5378,-72.1715,2.2002,0.514754114321429,25.4,29,12.0666666666667,1
"198",198,"US-Ha2",42.5393,-72.1779,NA,NA,21,35,21,1
"199",199,"US-HB1",33.3455,-79.1957,2.62,0.259898007,NA,3.91,2.72800710852406,0
"200",200,"US-HB2",33.3242,-79.244,2.469,0.46538841,NA,29.87,18.5505579163606,0
"201",201,"US-HB3",33.3482,-79.2322,1.183,0.222541697,NA,5.3,3.57520840370483,0
"202",202,"US-HBK",43.9397,-71.7181,NA,NA,NA,30,18.6297925698667,0
"203",203,"US-Hn1",46.4089,-119.275,NA,NA,NA,NA,NA,0
"204",204,"US-Hn2",46.6889,-119.4641,1.66425,0.186179013,NA,2.5,1.86861586665005,0
"205",205,"US-Hn3",46.6878,-119.4614,1.548,0.21694733,NA,2.35,1.77719126645068,0
"206",206,"US-Ho1",45.2041,-68.7402,NA,NA,20,30,16.6666666666667,1
"207",207,"US-Ho2",45.2091,-68.747,2.20190909090909,0.411169798571429,20,28.3,14.9666666666667,1
"208",208,"US-Ho3",45.2072,-68.725,NA,NA,18,29.6,17.6,1
"209",209,"US-HRA",34.5852,-91.7517,NA,NA,NA,2.28,1.73452645302431,0
"210",210,"US-HRC",34.5888,-91.7517,NA,NA,NA,NA,NA,0
"211",211,"US-HRP",41.938,-70.0552,NA,NA,NA,NA,NA,0
"212",212,"US-Hsm",38.2368,-122.0212,NA,NA,NA,5.51,3.70320284398394,0
"213",213,"US-HVs",69.1672,-148.8569,NA,NA,NA,3.6,2.53906293477871,0
"214",214,"US-HWB",40.8608,-77.8488,1.6475,0.235973709,NA,5,3.39235920330611,0
"215",215,"US-IB1",41.8593,-88.2227,NA,NA,NA,4.05,2.8133367353768,0
"216",216,"US-IB2",41.8406,-88.241,2.80925,0.293024880428571,1.27,3.76,2.91333333333333,1
"217",217,"US-ICh",68.6068,-149.2958,2.37793333333333,0.16525415975,NA,2,1.56386719931883,0
"218",218,"US-ICs",68.6058,-149.311,2.30035714285714,0.17206431,NA,2,1.56386719931883,0
"219",219,"US-ICt",68.6063,-149.3041,2.5678,0.206224432333333,NA,2.82,2.06365501374202,0
"220",220,"US-IL1",27.1879,-81.1996,NA,NA,NA,NA,NA,0
"221",221,"US-INa",39.8273,-86.179,NA,NA,NA,NA,NA,0
"222",222,"US-INb",39.8706,-86.0024,NA,NA,NA,NA,NA,0
"223",223,"US-INc",39.7833,-86.1652,NA,NA,NA,NA,NA,0
"224",224,"US-INd",39.8645,-86.5005,NA,NA,NA,NA,NA,0
"225",225,"US-INe",39.8632,-86.5083,NA,NA,NA,NA,NA,0
"226",226,"US-INf",39.7978,-86.0183,NA,NA,NA,NA,NA,0
"227",227,"US-INg",39.7739,-86.2724,NA,NA,NA,NA,NA,0
"228",228,"US-INi",39.8167,-85.7005,NA,NA,NA,NA,NA,0
"229",229,"US-INj",39.8766,-85.7066,NA,NA,NA,NA,NA,0
"230",230,"US-INn",39.9468,-86.788,NA,NA,NA,NA,NA,0
"231",231,"US-INp",39.9477,-86.7821,NA,NA,NA,NA,NA,0
"232",232,"US-Jo1",32.582,-106.635,2.48090909090909,0.270417648636364,NA,10,6.43984587661822,0
"233",233,"US-Jo2",32.5849,-106.6032,3.39709090909091,0.3202918071,NA,7.1,4.67230360609719,0
"234",234,"US-Jo3",32.7123,-106.8303,NA,NA,NA,NA,NA,0
"235",235,"US-JRn",39.6789,-80.1646,NA,NA,NA,NA,NA,0
"236",236,"US-KFB",39.0745,-96.5951,NA,NA,NA,NA,NA,0
"237",237,"US-KFS",39.0561,-95.1907,2.88615384615385,0.283259585230769,NA,3,2.17336453398126,0
"238",238,"US-KL1",42.4847,-85.4422,NA,NA,NA,NA,NA,0
"239",239,"US-KL2",42.4768,-85.4468,NA,NA,NA,NA,NA,0
"240",240,"US-KL3",42.4735,-85.4473,NA,NA,NA,NA,NA,0
"241",241,"US-KLS",38.7745,-97.5684,2.352375,0.271403750125,NA,3,2.17336453398126,0
"242",242,"US-KM1",42.4376,-85.3287,NA,NA,NA,NA,NA,0
"243",243,"US-KM2",42.4441,-85.3098,NA,NA,NA,NA,NA,0
"244",244,"US-KM3",42.4464,-85.3105,NA,NA,NA,NA,NA,0
"245",245,"US-KM4",42.4423,-85.3301,NA,NA,NA,NA,NA,0
"246",246,"US-Kon",39.0824,-96.5603,4.0875,0.3597741056,NA,3,2.17336453398126,0
"247",247,"US-KPL",60.5382,-150.5061,NA,NA,NA,2.5,1.86861586665005,0
"248",248,"US-KS1",28.4583,-80.6709,2.8665,0.321849453,13,18,9.33333333333333,1
"249",249,"US-KS2",28.6086,-80.6715,1.94775,0.294603672,1.5,4.1,3.1,1
"250",250,"US-KS3",28.7084,-80.7427,2.806,0.264216304,NA,2.85,2.08193993378189,0
"251",251,"US-KUO",44.9984,-93.1884,NA,NA,NA,NA,NA,0
"252",252,"US-KUT",44.995,-93.1863,NA,NA,NA,1.35,1.16769393178826,0
"253",253,"US-Kyv",39.3447,-77.8859,NA,NA,NA,NA,NA,0
"254",254,"US-LA3",29.4936,-89.9153,NA,NA,NA,NA,NA,0
"255",255,"US-Lin",36.3566,-119.0922,1.3845,0.195731182,3.7,9.18,6.71333333333333,1
"256",256,"US-LL1",31.2792,-84.5329,NA,NA,NA,NA,NA,0
"257",257,"US-LL2",31.201,-84.4449,NA,NA,NA,NA,NA,0
"258",258,"US-LL3",31.2688,-84.4787,NA,NA,NA,NA,NA,0
"259",259,"US-Los",46.0827,-89.9792,2.67753333333333,0.312616185222222,2,10.2,8.86666666666667,1
"260",260,"US-LS1",31.5615,-110.1403,NA,NA,NA,2.8,2.05146506704877,0
"261",261,"US-LS2",31.5659,-110.1344,1.52316666666667,0.2878469172,NA,6.4,4.2456554718335,0
"262",262,"US-LU1",38.5048,-92.2487,NA,NA,NA,NA,NA,0
"263",263,"US-MBP",47.5051,-93.4893,NA,NA,NA,2.4,1.8076661331838,0
"264",264,"US-MC1",48.1873,-114.1548,NA,NA,NA,NA,NA,0
"265",265,"US-MC2",48.1802,-114.2051,NA,NA,NA,NA,NA,0
"266",266,"US-MCP",36.783,-121.769,NA,NA,NA,NA,NA,0
"267",267,"US-Me1",44.5794,-121.5,1.6355,NA,7.2,10,5.2,1
"268",268,"US-Me2",44.4526,-121.5589,3.22310526315789,0.537319642,16.49,32,21.0066666666667,1
"269",269,"US-Me3",44.3154,-121.6078,1.65333333333333,0.319143671833333,3.11,12,9.92666666666667,1
"270",270,"US-Me4",44.4992,-121.6224,1.729,0.3229716775,16.5,47,36,1
"271",271,"US-Me5",44.4372,-121.5668,1.14433333333333,0.364123534,4.3,12,9.13333333333333,1
"272",272,"US-Me6",44.3233,-121.6078,1.97283333333333,0.349680764636364,6.51,14.2,9.86,1
"273",273,"US-Me7",44.4534,-121.5619,NA,NA,NA,NA,NA,0
"274",274,"US-Men",43.0772,-89.403,NA,NA,NA,12,7.65884054594307,0
"275",275,"US-MG1",46.6996,-114.0353,NA,NA,NA,NA,NA,0
"276",276,"US-MH1",45.9206,-108.2414,NA,NA,NA,NA,NA,0
"277",277,"US-MH2",45.9699,-108.1978,NA,NA,NA,NA,NA,0
"278",278,"US-Mi1",41.7727,-80.6313,NA,NA,NA,NA,NA,0
"279",279,"US-Mi2",41.5479,-80.855,NA,NA,NA,NA,NA,0
"280",280,"US-Mi3",41.8222,-80.637,NA,NA,NA,NA,NA,0
"281",281,"US-Mj1",46.9948,-109.6137,NA,NA,NA,NA,NA,0
"282",282,"US-Mj2",46.9957,-109.6295,NA,NA,NA,NA,NA,0
"283",283,"US-MMS",39.3232,-86.4131,3.52563636363636,0.4673129015,25,46,29.3333333333333,1
"284",284,"US-MN1",45.6168,-96.1269,NA,NA,NA,NA,NA,0
"285",285,"US-MN2",45.627,-96.1271,NA,NA,NA,NA,NA,0
"286",286,"US-MN3",45.6091,-96.1265,NA,NA,NA,NA,NA,0
"287",287,"US-Mo1",39.2298,-92.1167,2.76942857142857,0.242048061166667,NA,3.6,2.53906293477871,0
"288",288,"US-Mo2",38.9488,-91.9945,3.0935,0.26890334025,NA,3.4,2.41716346784623,0
"289",289,"US-Mo3",39.2311,-92.1497,2.418,0.225432889666667,NA,3.5,2.47811320131247,0
"290",290,"US-MOz",38.7441,-92.2,2.859,0.398790588333333,24.2,30,13.8666666666667,1
"291",291,"US-Mpj",34.4384,-106.2377,3.55746153846154,0.526358707846154,NA,8.2,5.34275067422586,0
"292",292,"US-MSR",47.4758,-111.7207,NA,NA,NA,NA,NA,0
"293",293,"US-MtB",32.4167,-110.7255,NA,NA,NA,29.8,18.5078931029342,0
"294",294,"US-MVF",47.6867,-111.4659,NA,NA,NA,NA,NA,0
"295",295,"US-MVW",47.6729,-111.4889,NA,NA,NA,NA,NA,0
"296",296,"US-Myb",38.0499,-121.765,3.32,0.398497435181818,2.285,5.7,4.17666666666667,1
"297",297,"US-NC1",35.8118,-76.7119,1.7865,0.291867861375,0.35,10.5,10.2666666666667,1
"298",298,"US-NC2",35.803,-76.6685,NA,NA,14,27,17.6666666666667,1
"299",299,"US-NC3",35.799,-76.656,1.742,0.267628483142857,NA,9,5.8303485419558,0
"300",300,"US-NC4",35.7879,-75.9038,2.82553846153846,0.5016292035,NA,33.2,20.5801840407865,0
"301",301,"US-Ne1",41.1651,-96.4766,3.05145,0.2904890775,2.529,6.2,4.514,1
"302",302,"US-Ne2",41.1649,-96.4701,3.48630769230769,0.286811786083333,1.288,6.2,5.34133333333333,1
"303",303,"US-Ne3",41.1797,-96.4397,3.54969230769231,0.286859428416667,0.825,6.2,5.65,1
"304",304,"US-NGB",71.28,-156.6092,5.1035,0.290779992,NA,4.15,2.87428646884305,0
"305",305,"US-NGC",64.8618,-163.7002,2.91966666666667,0.241988188,NA,2.75,2.02099020031565,0
"306",306,"US-NMj",46.6465,-88.5194,NA,NA,NA,3.5,2.47811320131247,0
"307",307,"US-NP1",46.7756,-100.951,NA,NA,NA,NA,NA,0
"308",308,"US-NP2",46.7613,-100.9257,NA,NA,NA,NA,NA,0
"309",309,"US-NR1",40.0329,-105.5464,4.73736842105263,0.739146409222222,15.9,21.5,10.9,1
"310",310,"US-NR3",40.052,-105.5864,NA,NA,NA,3,2.17336453398126,0
"311",311,"US-NR4",40.052,-105.5859,NA,NA,NA,3,2.17336453398126,0
"312",312,"US-Nrf",47.0935,-122.6927,NA,NA,NA,NA,NA,0
"313",313,"US-Nrs",47.0936,-122.7079,NA,NA,NA,NA,NA,0
"314",314,"US-OF1",35.7371,-90.0492,NA,NA,NA,NA,NA,0
"315",315,"US-OF2",35.7406,-90.0489,NA,NA,NA,NA,NA,0
"316",316,"US-Oho",41.5545,-83.8438,2.3159,0.482161383666667,24.5,34,17.6666666666667,1
"317",317,"US-ONA",27.3836,-81.9509,1.6265,0.2175270392,NA,2.8,2.05146506704877,0
"318",318,"US-ORv",40.0201,-83.0183,1.4295,0.359293019166667,8,15,9.66666666666667,1
"319",319,"US-OWC",41.3795,-82.5125,0.9005,NA,NA,5.2,3.51425867023859,0
"320",320,"US-PAS",27.3944,-81.951,NA,NA,NA,NA,NA,0
"321",321,"US-PeA",31.4123,-106.0788,NA,NA,NA,NA,NA,0
"322",322,"US-PFa",45.9459,-90.2723,3.17335,0.44606240355,24,396,380,1
"323",323,"US-PFb",45.972,-90.3232,NA,NA,NA,NA,NA,0
"324",324,"US-PFc",45.9677,-90.3088,NA,NA,NA,NA,NA,0
"325",325,"US-PFd",45.9689,-90.301,NA,NA,NA,NA,NA,0
"326",326,"US-PFe",45.9793,-90.3004,NA,NA,NA,NA,NA,0
"327",327,"US-PFf",45.9458,-90.2944,NA,NA,NA,NA,NA,0
"328",328,"US-PFg",45.9735,-90.2723,NA,NA,NA,NA,NA,0
"329",329,"US-PFh",45.9557,-90.2406,NA,NA,NA,NA,NA,0
"330",330,"US-PFi",45.9749,-90.2327,NA,NA,NA,NA,NA,0
"331",331,"US-PFj",45.9619,-90.227,NA,NA,NA,NA,NA,0
"332",332,"US-PFk",45.9149,-90.3425,NA,NA,NA,NA,NA,0
"333",333,"US-PFL",45.9409,-90.3177,NA,NA,NA,NA,NA,0
"334",334,"US-PFm",45.9207,-90.3099,NA,NA,NA,NA,NA,0
"335",335,"US-PFn",45.9392,-90.2823,NA,NA,NA,NA,NA,0
"336",336,"US-PFo",45.9229,-90.2728,NA,NA,NA,NA,NA,0
"337",337,"US-PFp",45.9365,-90.2641,NA,NA,NA,NA,NA,0
"338",338,"US-PFq",45.9271,-90.2475,NA,NA,NA,NA,NA,0
"339",339,"US-PFr",45.9245,-90.2475,NA,NA,NA,NA,NA,0
"340",340,"US-PFs",45.9381,-90.2382,NA,NA,NA,NA,NA,0
"341",341,"US-PFt",45.9197,-90.2288,NA,NA,NA,NA,NA,0
"342",342,"US-PHM",42.7423,-70.8301,NA,NA,NA,15,9.48733254993034,0
"343",343,"US-PiU",26.0004,-80.9261,NA,NA,NA,NA,NA,0
"344",344,"US-PLM",42.7345,-70.8382,NA,NA,NA,NA,NA,0
"345",345,"US-PLo",42.7496,-70.9157,NA,NA,NA,NA,NA,0
"346",346,"US-Pnp",43.0896,-89.4158,2.90416666666667,0.281054195,NA,12.4,7.90263947980804,0
"347",347,"US-Prr",65.1237,-147.4876,2.3796,NA,2.53,16,14.3133333333333,1
"348",348,"US-PSH",36.2347,-119.9247,NA,NA,NA,5.8,3.87995707103604,0
"349",349,"US-PSL",36.8276,-120.1397,NA,NA,NA,7.5,4.91610253996216,0
"350",350,"US-Px1",33.4839,-112.1426,NA,NA,NA,NA,NA,0
"351",351,"US-Px2",33.4785,-112.098,NA,NA,NA,NA,NA,0
"352",352,"US-Px3",33.4582,-111.9428,NA,NA,NA,NA,NA,0
"353",353,"US-RGA",34.4159,-91.6733,2.391,0.224089301,NA,4.6,3.14856026944114,0
"354",354,"US-RGB",39.5782,-121.8579,2.146,0.191174678,NA,2.24,1.71014655963782,0
"355",355,"US-RGF",37.6995,-121.1369,NA,NA,NA,4.9,3.33140946983986,0
"356",356,"US-RGG",39.5944,-122.0253,NA,NA,NA,NA,NA,0
"357",357,"US-RGo",39.6805,-122.0026,1.466,0.179333151,NA,2.9,2.11241480051502,0
"358",358,"US-RGW",33.6216,-91.4306,NA,NA,NA,3,2.17336453398126,0
"359",359,"US-Rls",43.1439,-116.7356,3.070125,0.321259354714286,NA,2.09,1.61872195943845,0
"360",360,"US-Rms",43.0645,-116.7486,2.93671428571429,0.352929668333333,NA,2.5,1.86861586665005,0
"361",361,"US-Ro1",44.7143,-93.0898,2.60223076923077,0.227099298692308,NA,3.6,2.53906293477871,0
"362",362,"US-Ro2",44.7288,-93.0888,2.57066666666667,0.2293827605,NA,2.79,2.04537009370215,0
"363",363,"US-Ro3",44.7217,-93.0893,NA,NA,NA,3.6,2.53906293477871,0
"364",364,"US-Ro4",44.6781,-93.0723,1.9645,0.255728568125,NA,2.6,1.92956560011629,0
"365",365,"US-Ro5",44.691,-93.0576,2.421,0.23194428175,NA,4.5,3.08761053597489,0
"366",366,"US-Ro6",44.6946,-93.0578,2.5916,0.216126995,NA,2.31,1.75281137306419,0
"367",367,"US-Rpf",65.1198,-147.429,1.9585,0.289989471615385,NA,5.6,3.75805760410356,0
"368",368,"US-RRC",37.3344,-77.2065,NA,NA,NA,NA,NA,0
"369",369,"US-Rwe",43.0653,-116.7591,4.0862,0.3253096056,NA,3,2.17336453398126,0
"370",370,"US-Rwf",43.1207,-116.7231,2.71514285714286,0.337549527857143,NA,3.5,2.47811320131247,0
"371",371,"US-Rws",43.1675,-116.7132,2.33528571428571,0.280403312333333,NA,2.05,1.59434206605196,0
"372",372,"US-Sag",69.5131,-148.5676,NA,NA,NA,4.1,2.84381160210992,0
"373",373,"US-SdH",42.0693,-101.4072,NA,NA,NA,3.85,2.69143726844432,0
"374",374,"US-Seg",34.3623,-106.7019,2.9568,0.266342360333333,NA,3.2,2.29526400091374,0
"375",375,"US-Ses",34.3349,-106.7442,2.6918,0.295025776933333,NA,3.1,2.2343142674475,0
"376",376,"US-Slt",39.9138,-74.596,NA,NA,9.52,17,10.6533333333333,1
"377",377,"US-Snd",38.0366,-121.754,NA,NA,0.074,3.16,3.11066666666667,1
"378",378,"US-Sne",38.0369,-121.7547,3.6464,0.3163259078,NA,5.42,3.64834808386432,0
"379",379,"US-Snf",38.0402,-121.7272,3.38233333333333,0.2824378995,NA,3.49,2.47201822796585,0
"380",380,"US-SP1",29.7381,-82.2188,NA,NA,24.2,30,13.8666666666667,1
"381",381,"US-SP2",29.7648,-82.2448,NA,NA,10.1,NA,NA,0
"382",382,"US-SP3",29.7548,-82.1633,NA,NA,14,NA,NA,0
"383",383,"US-SP4",29.8028,-82.2031,NA,NA,NA,30,18.6297925698667,0
"384",384,"US-SRC",31.9083,-110.8395,2.12142857142857,0.2757917405,1.7,3.3,2.16666666666667,1
"385",385,"US-SRG",31.7894,-110.8277,2.22528571428571,0.285286895071429,0.5,3.25,2.91666666666667,1
"386",386,"US-SRM",31.8214,-110.8661,2.56254545454545,0.338728526909091,2.5,7.8,6.13333333333333,1
"387",387,"US-Srr",38.2006,-122.0264,2.90175,0.32439669625,NA,NA,NA,0
"388",388,"US-SRS",31.8173,-110.8508,2.593125,0.3323510755,NA,7.1,4.67230360609719,0
"389",389,"US-SSH",40.6658,-77.9041,NA,NA,NA,30,18.6297925698667,0
"390",390,"US-Sta",41.3966,-106.8024,3.752,0.272312967666667,0.5,3,2.66666666666667,1
"391",391,"US-StJ",39.0882,-75.4372,2.18766666666667,0.284209734666667,NA,3.6,2.53906293477871,0
"392",392,"US-StS",33.3302,-79.2492,NA,NA,NA,NA,NA,0
"393",393,"US-SuM",20.7981,-156.454,NA,NA,NA,NA,NA,0
"394",394,"US-SuS",20.7847,-156.4039,NA,NA,NA,NA,NA,0
"395",395,"US-SuW",20.8246,-156.4913,NA,NA,NA,NA,NA,0
"396",396,"US-Syv",46.242,-89.3477,3.01114285714286,0.565878311733333,27.5,36,17.6666666666667,1
"397",397,"US-TaS",25.1908,-80.6391,NA,NA,NA,NA,NA,0
"398",398,"US-TCS",25.8221,-81.1017,NA,NA,NA,NA,NA,0
"399",399,"US-TEF",46.9522,-110.8851,NA,NA,NA,NA,NA,0
"400",400,"US-Ton",38.4309,-120.966,2.17395238095238,0.2957569925,10.64,23.5,16.4066666666667,1
"401",401,"US-TrB",46.0412,-89.6862,NA,NA,NA,NA,NA,0
"402",402,"US-TrS",46.0034,-89.7053,NA,NA,NA,NA,NA,0
"403",403,"US-Tur",45.5571,-111.2286,NA,NA,NA,NA,NA,0
"404",404,"US-Tw1",38.1074,-121.6469,1.8687,0.3121034268,3.064,4.64,2.59733333333333,1
"405",405,"US-Tw2",38.0969,-121.6365,3.149,0.304415534,2.53,5.2,3.51333333333333,1
"406",406,"US-Tw3",38.1152,-121.6469,3.1115,0.2688936364,0.35,2.8,2.56666666666667,1
"407",407,"US-Tw4",38.1027,-121.6413,2.56088888888889,0.31371975675,3.239,5.36,3.20066666666667,1
"408",408,"US-Tw5",38.1072,-121.6426,2.433,0.3258049905,NA,6.12,4.07499621812802,0
"409",409,"US-Twt",38.1087,-121.6531,3.24483333333333,0.260899080333333,0.85,3.18,2.61333333333333,1
"410",410,"US-Uaf",64.8663,-147.8555,NA,NA,NA,8,5.22085120729338,0
"411",411,"US-UC1",40.7536,-78.0056,NA,NA,NA,NA,NA,0
"412",412,"US-UC2",40.7559,-77.9998,NA,NA,NA,NA,NA,0
"413",413,"US-UG1",38.923,-106.9524,NA,NA,NA,NA,NA,0
"414",414,"US-UiA",40.0646,-88.1961,NA,NA,NA,NA,NA,0
"415",415,"US-UiB",40.0628,-88.1984,NA,NA,NA,NA,NA,0
"416",416,"US-UiC",40.0628,-88.1961,NA,NA,NA,NA,NA,0
"417",417,"US-UiD",40.0646,-88.1985,NA,NA,NA,NA,NA,0
"418",418,"US-UiE",40.0629,-88.2033,NA,NA,NA,NA,NA,0
"419",419,"US-UiF",40.0665,-88.2015,NA,NA,NA,NA,NA,0
"420",420,"US-UiG",40.0629,-88.2009,NA,NA,NA,NA,NA,0
"421",421,"US-UM3",45.5686,-84.6707,3.3195,NA,NA,5.5,3.69710787063732,0
"422",422,"US-UMB",45.5598,-84.7138,3.71513636363636,0.488697582545455,23,48,32.6666666666667,1
"423",423,"US-UMd",45.5625,-84.6975,2.7778,0.525434972866667,23,32,16.6666666666667,1
"424",424,"US-UTB",40.7848,-113.8299,NA,NA,NA,4.89,3.32531449649324,0
"425",425,"US-UTD",38.1038,-109.5952,NA,NA,NA,NA,NA,0
"426",426,"US-UTM",38.5879,-109.5775,NA,NA,NA,NA,NA,0
"427",427,"US-UTN",39.6896,-111.8814,NA,NA,NA,NA,NA,0
"428",428,"US-UTV",40.1266,-109.9546,NA,NA,NA,NA,NA,0
"429",429,"US-UTW",39.4453,-110.7288,NA,NA,NA,NA,NA,0
"430",430,"US-Var",38.4133,-120.9508,1.32522727272727,0.170237252857143,0.297,2,1.802,1
"431",431,"US-Vcm",35.8884,-106.5321,4.0074,0.598607026285714,NA,23.9,14.9118588284259,0
"432",432,"US-Vcp",35.8624,-106.5974,1.37193333333333,0.441167715266667,NA,28.2,17.5326973674743,0
"433",433,"US-Vcs",35.9193,-106.6142,NA,NA,NA,33.8,20.9458824415839,0
"434",434,"US-WCr",45.8059,-90.0799,2.7649375,0.565995154,24.3,29.6,13.4,1
"435",435,"US-Whs",31.7438,-110.0522,3.03971428571429,0.254527176307692,1,6.5,5.83333333333333,1
"436",436,"US-Wi0",46.6188,-91.0814,1.998,NA,4,6,3.33333333333333,1
"437",437,"US-Wi1",46.7305,-91.2329,1.595,NA,6,9,5,1
"438",438,"US-Wi2",46.6869,-91.1528,1.179,NA,6,9,5,1
"439",439,"US-Wi3",46.6347,-91.0987,2.05833333333333,0.653771995,20.5,26,12.3333333333333,1
"440",440,"US-Wi4",46.7393,-91.1663,2.103,NA,18,23,11,1
"441",441,"US-Wi5",46.6531,-91.0858,2.071,0.422153844,4,6,3.33333333333333,1
"442",442,"US-Wi6",46.6249,-91.2982,2.118,0.321799728,0.5,3,2.66666666666667,1
"443",443,"US-Wi7",46.6491,-91.0693,2.096,NA,NA,6,4.00185653796853,0
"444",444,"US-Wi8",46.7223,-91.2524,1.352,NA,1.5,3,2,1
"445",445,"US-Wi9",46.7385,-91.0746,1.9125,0.356234166,2.3,9,7.46666666666667,1
"446",446,"US-Wjs",34.4255,-105.8615,3.5534,0.452436567933333,NA,10,6.43984587661822,0
"447",447,"US-Wkg",31.7365,-109.9419,3.68738888888889,0.248275204388889,0.5,6.4,6.06666666666667,1
"448",448,"US-Wlr",37.5208,-96.855,NA,NA,NA,2.1,1.62481693278508,0
"449",449,"US-WPT",41.4646,-82.9962,2.37833333333333,0.248948516333333,1.27,2.7,1.85333333333333,1
"450",450,"US-Wrc",45.8205,-121.9519,NA,NA,60,67,27,1
"451",451,"US-WT1",34.3674,-101.8154,NA,NA,NA,NA,NA,0
"452",452,"US-xAB",45.7624,-122.3303,1.60666666666667,0.2492549745,NA,18.9,11.8643721551138,0
"453",453,"US-xAE",35.4106,-99.0588,4.9128,0.318255589,NA,8.5,5.52559987462459,0
"454",454,"US-xBA",71.2824,-156.6194,5.28033333333333,0.2612757875,NA,8.98,5.81815859526255,0
"455",455,"US-xBL",39.0603,-78.0716,1.52466666666667,0.266409030666667,NA,8.55,5.55607474135771,0
"456",456,"US-xBN",65.154,-147.5026,1.917,0.21396699,NA,19.78,12.4007298096167,0
"457",457,"US-xBR",44.0639,-71.2873,2.325,0.3978694532,NA,35.68,22.0917374307493,0
"458",458,"US-xCL",33.4012,-97.57,2.9314,0.4077187955,NA,22.51,14.0646575332451,0
"459",459,"US-xCP",40.8155,-104.7456,4.52583333333333,0.2539764202,NA,8.32,5.41589035438535,0
"460",460,"US-xDC",47.1617,-99.1066,5.7732,0.32655438675,NA,8.67,5.6292144215172,0
"461",461,"US-xDJ",63.8811,-145.7514,3.05733333333333,0.349570233,NA,22.5,14.0585625598985,0
"462",462,"US-xDL",32.5417,-87.8039,2.0884,0.3635162132,NA,42.43,26.2058444397206,0
"463",463,"US-xDS",28.125,-81.4362,2.3848,0.21826287275,NA,8.6,5.58654960809083,0
"464",464,"US-xGR",35.689,-83.5019,1.897,0.33401261825,NA,45.89,28.3147052176526,0
"465",465,"US-xHA",42.5369,-72.1727,2.87,0.5032305288,NA,39.16,24.2127881553745,0
"466",466,"US-xHE",63.8757,-149.2133,3.2318,0.217475159333333,NA,9.24,5.97662790227478,0
"467",467,"US-xJE",31.1948,-84.4686,2.8158,0.3453810918,NA,42.46,26.2241293597605,0
"468",468,"US-xJR",32.5907,-106.8425,3.229,0.235181267333333,NA,8.63,5.6048345281307,0
"469",469,"US-xKA",39.1104,-96.6129,3.6002,0.28041256675,NA,8.41,5.47074511450497,0
"470",470,"US-xKZ",39.1008,-96.5631,5.1812,0.333283649,NA,8.4,5.46465014115835,0
"471",471,"US-xLE",31.8539,-88.1612,NA,NA,NA,47.13,29.070481912634,0
"472",472,"US-xMB",38.2483,-109.3883,3.1068,0.237139070666667,NA,8.45,5.49512500789147,0
"473",473,"US-xML",37.3783,-80.5248,3.6088,0.64136638125,NA,29.06,18.056865075284,0
"474",474,"US-xNG",46.7697,-100.9154,4.8668,0.27663576075,NA,8.46,5.50121998123809,0
"475",475,"US-xNQ",40.1776,-112.4524,2.8892,0.248651159666667,NA,8.65,5.61702447482395,0
"476",476,"US-xNW",40.0543,-105.5824,NA,NA,NA,8.46,5.50121998123809,0
"477",477,"US-xPU",19.5531,-155.3173,NA,NA,NA,NA,NA,0
"478",478,"US-xRM",40.2759,-105.5459,3.5202,0.5575277684,NA,25.35,15.7956299636864,0
"479",479,"US-xRN",35.9641,-84.2826,NA,NA,NA,39.19,24.2310730754144,0
"480",480,"US-xSB",29.6893,-81.9934,2.8792,0.3718679894,NA,35.81,22.1709720842554,0
"481",481,"US-xSC",38.8929,-78.1395,3.06033333333333,0.5285555455,NA,51.88,31.9655942522805,0
"482",482,"US-xSE",38.8901,-76.56,3.268,0.4421808555,NA,61.61,37.8960033185459,0
"483",483,"US-xSJ",37.1088,-119.7323,2.86466666666667,0.278302882333333,NA,39.35,24.3285926489604,0
"484",484,"US-xSL",40.4619,-103.0293,4.63133333333333,0.284774173666667,NA,8.3,5.4037004076921,0
"485",485,"US-xSP",37.0334,-119.2622,NA,NA,NA,52.49,32.3373876264246,0
"486",486,"US-xSR",31.9107,-110.8355,2.8186,0.27289543575,NA,8.33,5.42198532773198,0
"487",487,"US-xST",45.5089,-89.5864,2.5328,0.41004586375,NA,22.36,13.9732329330458,0
"488",488,"US-xTA",32.9505,-87.3933,3.2802,0.36774818775,NA,35.7,22.1039273774425,0
"489",489,"US-xTE",37.0058,-119.006,NA,NA,NA,59.22,36.4393046887027,0
"490",490,"US-xTL",68.6611,-149.3705,NA,NA,NA,8.9,5.76939880848956,0
"491",491,"US-xTR",45.4937,-89.5857,2.9676,0.44396104125,NA,35.97,22.2684916578014,0
"492",492,"US-xUK",39.0404,-95.1921,3.9616,0.46145789875,NA,35.77,22.1465921908689,0
"493",493,"US-xUN",46.2339,-89.5373,3.4066,0.4830419532,NA,39.05,24.1457434485616,0
"494",494,"US-xWD",47.1282,-99.2414,5.708,0.300246293333333,NA,8.58,5.57435966139758,0
"495",495,"US-xWR",45.8205,-121.9519,NA,NA,NA,74.18,45.5573848152526,0
"496",496,"US-xYE",44.9535,-110.5391,2.00925,0.414738955,NA,18.43,11.5779084078225,0
"497",497,"US-YK1",61.2723,-163.2228,NA,NA,NA,NA,NA,0
"498",498,"US-YK2",61.2548,-163.259,NA,NA,NA,NA,NA,0
